seconds,FHR,UC,FHR_GPR,UC_GPR
0,0.0,23.0,129.59195527222292,23.0
1,0.0,22.0,130.64127525840567,22.0
2,132.0,21.5,132.0,21.5
3,132.0,22.5,132.0,22.5
4,132.0,24.0,132.0,24.0
5,132.0,24.0,132.0,24.0
6,132.0,23.0,132.0,23.0
7,132.0,22.0,132.0,22.0
8,130.0,21.5,130.0,21.5
9,130.0,21.5,130.0,21.5
10,124.75,21.5,124.75,21.5
11,124.75,21.0,124.75,21.0
12,120.5,21.0,120.5,21.0
13,120.5,21.0,120.5,21.0
14,119.25,21.0,119.25,21.0
15,119.25,21.0,119.25,21.0
16,118.5,20.0,118.5,20.0
17,118.5,19.0,118.5,19.0
18,118.5,19.0,118.5,19.0
19,121.25,20.5,121.25,20.5
20,124.5,21.0,124.5,21.0
21,124.5,20.0,124.5,20.0
22,126.75,19.5,126.75,19.5
23,127.5,19.0,127.5,19.0
24,127.5,19.0,127.5,19.0
25,129.0,19.0,129.0,19.0
26,129.0,18.5,129.0,18.5
27,129.0,19.0,129.0,19.0
28,130.25,19.0,130.25,19.0
29,132.0,19.5,132.0,19.5
30,132.0,20.0,132.0,20.0
31,133.5,21.0,133.5,21.0
32,133.5,20.5,133.5,20.5
33,133.5,19.5,133.5,19.5
34,132.75,19.5,132.75,19.5
35,132.75,19.5,132.75,19.5
36,132.75,19.5,132.75,19.5
37,132.0,20.0,132.0,20.0
38,131.75,20.0,131.75,20.0
39,131.75,21.0,131.75,21.0
40,131.5,20.0,131.5,20.0
41,131.5,19.0,131.5,19.0
42,131.25,19.5,131.25,19.5
43,131.25,21.5,131.25,21.5
44,130.75,22.0,130.75,22.0
45,130.75,20.5,130.75,20.5
46,130.25,20.0,130.25,20.0
47,130.25,19.5,130.25,19.5
48,131.25,19.0,131.25,19.0
49,131.25,20.5,131.25,20.5
50,131.0,22.0,131.0,22.0
51,131.0,22.5,131.0,22.5
52,132.0,21.5,132.0,21.5
53,132.0,20.0,132.0,20.0
54,133.25,19.0,133.25,19.0
55,133.25,20.0,133.25,20.0
56,132.25,21.5,132.25,21.5
57,132.25,22.0,132.25,22.0
58,132.75,21.0,132.75,21.0
59,132.75,18.5,132.75,18.5
60,133.25,19.5,133.25,19.5
61,133.25,20.5,133.25,20.5
62,132.0,20.0,132.0,20.0
63,132.0,18.0,132.0,18.0
64,130.25,18.0,130.25,18.0
65,130.25,18.0,130.25,18.0
66,130.25,20.0,130.25,20.0
67,130.75,21.0,130.75,21.0
68,130.75,19.0,130.75,19.0
69,128.5,18.0,128.5,18.0
70,128.5,17.0,128.5,17.0
71,128.5,17.5,128.5,17.5
72,123.5,19.5,123.5,19.5
73,122.5,21.0,122.5,21.0
74,122.5,20.5,122.5,20.5
75,122.25,18.5,122.25,18.5
76,122.25,17.5,122.25,17.5
77,123.25,17.5,123.25,17.5
78,123.25,18.5,123.25,18.5
79,123.75,20.0,123.75,20.0
80,123.75,20.0,123.75,20.0
81,123.75,18.5,123.75,18.5
82,123.75,18.0,123.75,18.0
83,123.75,18.0,123.75,18.0
84,123.75,19.5,123.75,19.5
85,124.0,21.5,124.0,21.5
86,124.0,21.5,124.0,21.5
87,123.75,20.0,123.75,20.0
88,123.75,19.0,123.75,19.0
89,123.75,19.0,123.75,19.0
90,123.5,20.0,123.5,20.0
91,123.5,21.5,123.5,21.5
92,124.0,20.0,124.0,20.0
93,124.0,20.0,124.0,20.0
94,124.0,20.0,124.0,20.0
95,123.0,20.5,123.0,20.5
96,123.0,20.0,123.0,20.0
97,124.0,19.5,124.0,19.5
98,124.0,19.5,124.0,19.5
99,125.25,20.5,125.25,20.5
100,125.25,21.5,125.25,21.5
101,127.0,21.5,127.0,21.5
102,127.0,21.0,127.0,21.0
103,128.0,21.0,128.0,21.0
104,128.0,20.5,128.0,20.5
105,128.75,20.0,128.75,20.0
106,128.75,21.0,128.75,21.0
107,128.5,22.5,128.5,22.5
108,128.5,21.5,128.5,21.5
109,128.5,22.0,128.5,22.0
110,128.5,22.0,128.5,22.0
111,128.5,22.0,128.5,22.0
112,129.5,22.5,129.5,22.5
113,129.5,22.5,129.5,22.5
114,129.5,22.5,129.5,22.5
115,131.25,21.5,131.25,21.5
116,131.25,21.5,131.25,21.5
117,132.5,23.0,132.5,23.0
118,132.5,24.5,132.5,24.5
119,132.75,23.5,132.75,23.5
120,132.5,23.0,132.5,23.0
121,132.5,23.0,132.5,23.0
122,130.75,22.0,130.75,22.0
123,130.75,22.5,130.75,22.5
124,129.5,23.0,129.5,23.0
125,130.25,23.0,130.25,23.0
126,130.25,23.0,130.25,23.0
127,130.0,22.5,130.0,22.5
128,130.0,23.0,130.0,23.0
129,131.75,24.0,131.75,24.0
130,131.75,25.5,131.75,25.5
131,131.75,25.5,131.75,25.5
132,131.0,25.0,131.0,25.0
133,133.5,25.0,133.5,25.0
134,133.5,25.0,133.5,25.0
135,133.5,24.0,133.5,24.0
136,132.75,24.0,132.75,24.0
137,132.75,24.5,132.75,24.5
138,132.75,26.0,132.75,26.0
139,132.75,27.0,132.75,27.0
140,131.5,25.5,131.5,25.5
141,131.5,25.0,131.5,25.0
142,131.5,23.5,131.5,23.5
143,131.5,23.0,131.5,23.0
144,131.5,24.0,131.5,24.0
145,131.5,25.0,131.5,25.0
146,129.75,24.5,129.75,24.5
147,129.75,24.0,129.75,24.0
148,129.0,23.5,129.0,23.5
149,129.0,23.5,129.0,23.5
150,130.0,23.5,130.0,23.5
151,130.0,23.5,130.0,23.5
152,128.5,23.5,128.5,23.5
153,128.0,23.5,128.0,23.5
154,128.0,24.0,128.0,24.0
155,128.5,24.0,128.5,24.0
156,128.0,23.0,128.0,23.0
157,128.0,23.0,128.0,23.0
158,128.75,23.0,128.75,23.0
159,128.75,23.5,128.75,23.5
160,129.0,23.5,129.0,23.5
161,129.0,23.5,129.0,23.5
162,129.5,23.0,129.5,23.0
163,130.0,23.0,130.0,23.0
164,130.0,23.0,130.0,23.0
165,130.5,23.0,130.5,23.0
166,130.5,23.0,130.5,23.0
167,130.75,23.0,130.75,23.0
168,130.75,23.0,130.75,23.0
169,131.25,23.0,131.25,23.0
170,131.25,23.0,131.25,23.0
171,131.0,22.5,131.0,22.5
172,131.0,23.0,131.0,23.0
173,131.5,24.0,131.5,24.0
174,131.5,23.5,131.5,23.5
175,130.5,23.0,130.5,23.0
176,130.25,23.0,130.25,23.0
177,130.25,22.5,130.25,22.5
178,130.5,22.5,130.5,22.5
179,130.5,23.0,130.5,23.0
180,130.75,22.5,130.75,22.5
181,130.75,22.5,130.75,22.5
182,131.5,22.5,131.5,22.5
183,131.5,22.5,131.5,22.5
184,132.5,22.5,132.5,22.5
185,132.75,22.5,132.75,22.5
186,132.75,22.5,132.75,22.5
187,134.25,22.5,134.25,22.5
188,134.25,22.5,134.25,22.5
189,135.0,22.5,135.0,22.5
190,135.0,24.0,135.0,24.0
191,135.0,26.0,135.0,26.0
192,136.75,27.5,136.75,27.5
193,136.75,28.5,136.75,28.5
194,136.0,28.5,136.0,28.5
195,136.0,28.0,136.0,28.0
196,136.0,28.0,136.0,28.0
197,136.0,28.0,136.0,28.0
198,137.0,27.5,137.0,27.5
199,136.75,28.0,136.75,28.0
200,136.75,29.5,136.75,29.5
201,136.75,30.5,136.75,30.5
202,136.75,31.5,136.75,31.5
203,136.5,31.0,136.5,31.0
204,136.5,30.5,136.5,30.5
205,136.0,29.5,136.0,29.5
206,136.0,29.5,136.0,29.5
207,135.5,31.0,135.5,31.0
208,136.5,31.0,136.5,31.0
209,136.5,32.0,136.5,32.0
210,138.0,32.5,138.0,32.5
211,138.0,32.5,138.0,32.5
212,137.5,33.0,137.5,33.0
213,136.75,33.5,136.75,33.5
214,136.75,33.0,136.75,33.0
215,133.75,33.0,133.75,33.0
216,133.75,32.5,133.75,32.5
217,131.5,32.0,131.5,32.0
218,131.5,31.0,131.5,31.0
219,130.75,30.5,130.75,30.5
220,130.75,32.5,130.75,32.5
221,132.0,32.5,132.0,32.5
222,132.0,31.5,132.0,31.5
223,131.75,31.5,131.75,31.5
224,130.75,31.0,130.75,31.0
225,130.75,30.5,130.75,30.5
226,130.75,30.5,130.75,30.5
227,130.75,30.5,130.75,30.5
228,133.25,30.5,133.25,30.5
229,133.25,30.5,133.25,30.5
230,134.75,30.5,134.75,30.5
231,134.75,30.5,134.75,30.5
232,135.25,30.0,135.25,30.0
233,136.75,29.5,136.75,29.5
234,136.75,29.5,136.75,29.5
235,137.5,29.0,137.5,29.0
236,137.5,29.0,137.5,29.0
237,137.5,29.0,137.5,29.0
238,137.5,29.0,137.5,29.0
239,137.5,29.0,137.5,29.0
240,138.0,29.0,138.0,29.0
241,138.0,28.5,138.0,28.5
242,138.25,28.0,138.25,28.0
243,138.25,28.0,138.25,28.0
244,137.5,28.0,137.5,28.0
245,137.5,28.0,137.5,28.0
246,137.5,27.5,137.5,27.5
247,137.25,27.5,137.25,27.5
248,137.25,27.5,137.25,27.5
249,136.75,27.5,136.75,27.5
250,136.75,27.5,136.75,27.5
251,136.5,27.5,136.5,27.5
252,136.5,27.5,136.5,27.5
253,135.25,28.0,135.25,28.0
254,135.0,29.5,135.0,29.5
255,135.0,30.0,135.0,30.0
256,134.5,29.5,134.5,29.5
257,134.5,28.5,134.5,28.5
258,135.5,28.0,135.5,28.0
259,135.5,28.0,135.5,28.0
260,135.75,29.0,135.75,29.0
261,135.5,30.5,135.5,30.5
262,135.5,31.5,135.5,31.5
263,135.75,30.0,135.75,30.0
264,135.75,29.0,135.75,29.0
265,136.0,28.5,136.0,28.5
266,136.0,29.0,136.0,29.0
267,135.0,30.5,135.0,30.5
268,135.0,31.0,135.0,31.0
269,135.25,30.5,135.25,30.5
270,135.0,30.5,135.0,30.5
271,135.0,30.0,135.0,30.0
272,134.75,30.0,134.75,30.0
273,134.75,30.0,134.75,30.0
274,135.75,30.0,135.75,30.0
275,135.75,30.0,135.75,30.0
276,136.0,30.0,136.0,30.0
277,136.25,30.0,136.25,30.0
278,136.25,30.0,136.25,30.0
279,136.0,30.0,136.0,30.0
280,136.0,30.0,136.0,30.0
281,136.5,29.5,136.5,29.5
282,136.5,29.5,136.5,29.5
283,136.5,29.5,136.5,29.5
284,137.5,29.0,137.5,29.0
285,137.5,29.0,137.5,29.0
286,138.5,28.0,138.5,28.0
287,138.5,28.0,138.5,28.0
288,139.75,27.5,139.75,27.5
289,140.25,28.0,140.25,28.0
290,140.25,28.0,140.25,28.0
291,138.75,28.5,138.75,28.5
292,138.75,28.0,138.75,28.0
293,140.5,27.0,140.5,27.0
294,140.5,26.5,140.5,26.5
295,140.75,26.0,140.75,26.0
296,141.25,26.5,141.25,26.5
297,141.25,27.0,141.25,27.0
298,141.0,27.5,141.0,27.5
299,141.0,28.0,141.0,28.0
300,140.25,27.0,140.25,27.0
301,142.5,26.0,142.5,26.0
302,142.5,26.0,142.5,26.0
303,143.0,25.5,143.0,25.5
304,143.0,26.0,143.0,26.0
305,142.75,27.0,142.75,27.0
306,143.75,27.5,143.75,27.5
307,143.75,28.0,143.75,28.0
308,142.75,27.5,142.75,27.5
309,142.75,26.5,142.75,26.5
310,142.0,26.0,142.0,26.0
311,140.75,25.5,140.75,25.5
312,140.75,26.5,140.75,26.5
313,140.25,26.0,140.25,26.0
314,140.25,26.5,140.25,26.5
315,139.25,27.0,139.25,27.0
316,139.25,27.0,139.25,27.0
317,140.25,27.0,140.25,27.0
318,140.0,26.0,140.0,26.0
319,140.0,25.0,140.0,25.0
320,140.25,25.0,140.25,25.0
321,140.25,25.5,140.25,25.5
322,139.5,25.0,139.5,25.0
323,139.0,26.0,139.0,26.0
324,139.0,26.0,139.0,26.0
325,140.75,26.5,140.75,26.5
326,140.75,26.5,140.75,26.5
327,140.5,25.5,140.5,25.5
328,140.5,25.0,140.5,25.0
329,140.75,24.5,140.75,24.5
330,140.75,24.0,140.75,24.0
331,140.75,25.0,140.75,25.0
332,141.75,25.5,141.75,25.5
333,141.75,26.0,141.75,26.0
334,141.5,26.0,141.5,26.0
335,142.25,25.5,142.25,25.5
336,142.25,25.0,142.25,25.0
337,141.25,24.0,141.25,24.0
338,141.25,24.0,141.25,24.0
339,141.0,23.5,141.0,23.5
340,141.0,23.5,141.0,23.5
341,139.5,23.5,139.5,23.5
342,139.5,23.5,139.5,23.5
343,139.5,23.5,139.5,23.5
344,139.25,23.5,139.25,23.5
345,139.25,23.5,139.25,23.5
346,137.5,24.0,137.5,24.0
347,136.75,24.5,136.75,24.5
348,136.75,25.0,136.75,25.0
349,135.75,25.0,135.75,25.0
350,135.75,25.0,135.75,25.0
351,135.25,24.5,135.25,24.5
352,135.25,24.5,135.25,24.5
353,135.0,24.5,135.0,24.5
354,135.0,24.5,135.0,24.5
355,135.0,25.5,135.0,25.5
356,135.5,25.5,135.5,25.5
357,135.5,26.0,135.5,26.0
358,136.25,26.0,136.25,26.0
359,136.25,26.0,136.25,26.0
360,137.5,26.0,137.5,26.0
361,137.5,25.5,137.5,25.5
362,138.0,25.0,138.0,25.0
363,139.0,25.0,139.0,25.0
364,139.0,25.0,139.0,25.0
365,138.5,24.5,138.5,24.5
366,138.5,24.5,138.5,24.5
367,138.5,24.5,138.5,24.5
368,138.5,24.0,138.5,24.0
369,137.5,24.0,137.5,24.0
370,136.5,24.5,136.5,24.5
371,136.5,25.0,136.5,25.0
372,135.0,25.5,135.0,25.5
373,135.0,25.5,135.0,25.5
374,134.25,25.0,134.25,25.0
375,134.25,24.5,134.25,24.5
376,135.75,24.5,135.75,24.5
377,135.75,24.0,135.75,24.0
378,135.75,24.0,135.75,24.0
379,135.25,24.0,135.25,24.0
380,135.25,24.0,135.25,24.0
381,136.0,23.5,136.0,23.5
382,136.0,23.5,136.0,23.5
383,136.75,24.0,136.75,24.0
384,137.25,24.5,137.25,24.5
385,137.25,24.5,137.25,24.5
386,138.5,25.0,138.5,25.0
387,138.5,24.5,138.5,24.5
388,139.75,24.5,139.75,24.5
389,139.75,24.0,139.75,24.0
390,141.75,24.0,141.75,24.0
391,143.25,24.0,143.25,24.0
392,143.25,24.0,143.25,24.0
393,143.5,24.0,143.5,24.0
394,143.5,24.5,143.5,24.5
395,143.25,26.5,143.25,26.5
396,144.0,27.0,144.0,27.0
397,144.0,27.0,144.0,27.0
398,144.0,26.5,144.0,26.5
399,144.5,26.5,144.5,26.5
400,144.5,26.0,144.5,26.0
401,144.25,26.0,144.25,26.0
402,143.5,26.0,143.5,26.0
403,142.25,27.0,142.25,27.0
404,142.25,27.5,142.25,27.5
405,142.25,28.5,142.25,28.5
406,141.75,29.0,141.75,29.0
407,141.0,28.0,141.0,28.0
408,141.0,27.0,141.0,27.0
409,139.25,27.0,139.25,27.0
410,139.25,26.5,139.25,26.5
411,139.25,26.0,139.25,26.0
412,139.25,26.5,139.25,26.5
413,139.5,27.0,139.5,27.0
414,138.75,27.5,138.75,27.5
415,138.75,27.5,138.75,27.5
416,139.5,28.0,139.5,28.0
417,139.5,27.5,139.5,27.5
418,139.25,27.0,139.25,27.0
419,139.25,26.0,139.25,26.0
420,139.5,25.5,139.5,25.5
421,139.5,25.5,139.5,25.5
422,138.5,25.5,138.5,25.5
423,138.5,25.5,138.5,25.5
424,138.25,26.0,138.25,26.0
425,138.75,27.0,138.75,27.0
426,138.75,27.0,138.75,27.0
427,140.0,26.5,140.0,26.5
428,140.0,25.5,140.0,25.5
429,139.75,25.5,139.75,25.5
430,139.25,25.0,139.25,25.0
431,139.25,25.0,139.25,25.0
432,139.5,25.0,139.5,25.0
433,139.5,25.0,139.5,25.0
434,138.5,25.5,138.5,25.5
435,138.5,26.0,138.5,26.0
436,138.5,26.0,138.5,26.0
437,138.5,26.5,138.5,26.5
438,137.75,26.5,137.75,26.5
439,137.75,26.0,137.75,26.0
440,138.0,26.0,138.0,26.0
441,138.0,25.5,138.0,25.5
442,138.5,25.5,138.5,25.5
443,137.5,25.5,137.5,25.5
444,137.5,25.5,137.5,25.5
445,138.5,25.5,138.5,25.5
446,138.5,25.5,138.5,25.5
447,138.75,25.5,138.75,25.5
448,138.75,25.0,138.75,25.0
449,138.5,25.0,138.5,25.0
450,138.5,25.5,138.5,25.5
451,138.5,25.5,138.5,25.5
452,138.0,26.0,138.0,26.0
453,138.0,26.0,138.0,26.0
454,138.5,26.0,138.5,26.0
455,138.5,25.5,138.5,25.5
456,136.0,25.5,136.0,25.5
457,138.0,25.5,138.0,25.5
458,138.0,25.5,138.0,25.5
459,137.25,25.5,137.25,25.5
460,137.25,25.5,137.25,25.5
461,136.5,25.5,136.5,25.5
462,136.5,25.5,136.5,25.5
463,135.75,25.5,135.75,25.5
464,136.25,25.5,136.25,25.5
465,136.25,25.5,136.25,25.5
466,137.5,26.0,137.5,26.0
467,137.5,26.5,137.5,26.5
468,137.5,27.0,137.5,27.0
469,137.5,27.0,137.5,27.0
470,138.5,26.5,138.5,26.5
471,138.5,26.0,138.5,26.0
472,140.75,26.0,140.75,26.0
473,140.75,26.0,140.75,26.0
474,140.25,25.5,140.25,25.5
475,143.75,25.5,143.75,25.5
476,143.75,26.0,143.75,26.0
477,144.0,26.5,144.0,26.5
478,144.0,27.0,144.0,27.0
479,144.0,27.0,144.0,27.0
480,143.0,27.5,143.0,27.5
481,143.0,27.0,143.0,27.0
482,143.0,26.5,143.0,26.5
483,143.0,27.0,143.0,27.0
484,143.0,26.5,143.0,26.5
485,142.75,26.5,142.75,26.5
486,143.0,26.5,143.0,26.5
487,143.0,26.5,143.0,26.5
488,140.75,26.5,140.75,26.5
489,140.75,26.0,140.75,26.0
490,141.0,26.0,141.0,26.0
491,141.0,26.5,141.0,26.5
492,141.5,27.0,141.5,27.0
493,141.25,27.0,141.25,27.0
494,141.25,27.5,141.25,27.5
495,140.75,27.0,140.75,27.0
496,140.75,26.5,140.75,26.5
497,141.0,26.0,141.0,26.0
498,139.5,26.0,139.5,26.0
499,139.5,26.0,139.5,26.0
500,139.5,26.0,139.5,26.0
501,139.5,26.5,139.5,26.5
502,138.5,26.5,138.5,26.5
503,138.5,26.5,138.5,26.5
504,137.5,27.0,137.5,27.0
505,136.75,27.0,136.75,27.0
506,136.75,27.5,136.75,27.5
507,136.5,26.5,136.5,26.5
508,136.5,26.5,136.5,26.5
509,137.5,27.0,137.5,27.0
510,137.5,26.5,137.5,26.5
511,135.75,27.0,135.75,27.0
512,135.25,28.5,135.25,28.5
513,135.25,29.5,135.25,29.5
514,136.75,29.5,136.75,29.5
515,136.75,28.0,136.75,28.0
516,137.25,28.0,137.25,28.0
517,137.25,27.5,137.25,27.5
518,137.5,28.0,137.5,28.0
519,139.0,28.0,139.0,28.0
520,139.0,30.0,139.0,30.0
521,138.0,30.5,138.0,30.5
522,138.0,29.5,138.0,29.5
523,138.0,28.0,138.0,28.0
524,138.0,28.0,138.0,28.0
525,137.75,27.5,137.75,27.5
526,139.25,27.0,139.25,27.0
527,139.25,27.5,139.25,27.5
528,138.75,27.0,138.75,27.0
529,138.75,27.0,138.75,27.0
530,138.75,26.5,138.75,26.5
531,138.0,26.0,138.0,26.0
532,138.0,26.0,138.0,26.0
533,138.0,27.0,138.0,27.0
534,138.0,27.5,138.0,27.5
535,138.25,28.0,138.25,28.0
536,138.25,28.5,138.25,28.5
537,139.25,27.5,139.25,27.5
538,139.25,27.0,139.25,27.0
539,139.25,27.0,139.25,27.0
540,139.25,27.0,139.25,27.0
541,139.25,27.0,139.25,27.0
542,139.25,25.5,139.25,25.5
543,139.25,25.5,139.25,25.5
544,139.25,25.5,139.25,25.5
545,139.25,26.5,139.25,26.5
546,139.0,27.0,139.0,27.0
547,139.0,26.5,139.0,26.5
548,139.0,26.0,139.0,26.0
549,141.25,27.0,141.25,27.0
550,141.25,27.0,141.25,27.0
551,140.75,27.0,140.75,27.0
552,139.25,27.5,139.25,27.5
553,139.25,27.5,139.25,27.5
554,139.25,28.0,139.25,28.0
555,139.25,27.5,139.25,27.5
556,139.0,27.0,139.0,27.0
557,139.0,27.0,139.0,27.0
558,139.5,27.5,139.5,27.5
559,139.5,28.5,139.5,28.5
560,139.5,29.0,139.5,29.0
561,139.5,29.0,139.5,29.0
562,139.5,28.0,139.5,28.0
563,140.0,27.0,140.0,27.0
564,139.75,26.5,139.75,26.5
565,139.75,27.5,139.75,27.5
566,138.75,28.5,138.75,28.5
567,138.75,29.0,138.75,29.0
568,138.5,29.0,138.5,29.0
569,137.5,28.5,137.5,28.5
570,137.5,26.5,137.5,26.5
571,137.5,25.5,137.5,25.5
572,137.75,25.0,137.75,25.0
573,138.5,25.0,138.5,25.0
574,138.5,24.5,138.5,24.5
575,137.5,23.5,137.5,23.5
576,137.5,22.5,137.5,22.5
577,137.5,22.0,137.5,22.0
578,139.75,21.5,139.75,21.5
579,139.75,21.5,139.75,21.5
580,140.75,22.0,140.75,22.0
581,140.5,23.0,140.5,23.0
582,140.5,23.0,140.5,23.0
583,140.5,21.5,140.5,21.5
584,141.5,21.0,141.5,21.0
585,143.75,21.5,143.75,21.5
586,143.75,21.5,143.75,21.5
587,146.0,21.5,146.0,21.5
588,146.0,21.5,146.0,21.5
589,146.75,21.5,146.75,21.5
590,146.75,21.5,146.75,21.5
591,146.75,21.0,146.75,21.0
592,146.75,21.0,146.75,21.0
593,146.75,21.0,146.75,21.0
594,147.0,21.0,147.0,21.0
595,146.75,20.5,146.75,20.5
596,146.75,20.0,146.75,20.0
597,146.75,19.0,146.75,19.0
598,146.75,19.0,146.75,19.0
599,148.25,19.0,148.25,19.0
600,148.25,19.0,148.25,19.0
601,148.5,19.0,148.5,19.0
602,148.5,19.5,148.5,19.5
603,148.5,19.5,148.5,19.5
604,148.5,19.0,148.5,19.0
605,148.5,18.5,148.5,18.5
606,148.5,17.5,148.5,17.5
607,148.5,17.5,148.5,17.5
608,148.5,17.5,148.5,17.5
609,148.5,17.5,148.5,17.5
610,148.5,18.0,148.5,18.0
611,148.25,18.0,148.25,18.0
612,148.25,18.0,148.25,18.0
613,148.25,18.0,148.25,18.0
614,0.0,17.5,150.15585632025494,17.5
615,0.0,18.0,151.09555985895156,18.0
616,0.0,18.0,152.12412885268566,18.0
617,0.0,18.0,153.18303391714198,18.0
618,0.0,18.5,154.2170465488774,18.5
619,157.0,19.0,157.0,19.0
620,157.0,20.0,157.0,20.0
621,157.0,20.0,157.0,20.0
622,155.75,20.0,155.75,20.0
623,155.75,19.5,155.75,19.5
624,159.25,19.5,159.25,19.5
625,159.25,19.5,159.25,19.5
626,159.25,19.0,159.25,19.0
627,159.25,20.5,159.25,20.5
628,159.25,21.5,159.25,21.5
629,159.25,21.5,159.25,21.5
630,159.25,21.0,159.25,21.0
631,159.25,19.5,159.25,19.5
632,159.25,18.5,159.25,18.5
633,159.25,17.5,159.25,17.5
634,159.25,18.0,159.25,18.0
635,159.25,19.0,159.25,19.0
636,159.25,19.0,159.25,19.0
637,159.5,19.0,159.5,19.0
638,159.5,21.0,159.5,21.0
639,0.0,21.5,160.61465816283223,21.5
640,0.0,21.5,161.2225252921482,21.5
641,0.0,21.0,161.79012621593665,21.0
642,0.0,22.0,162.21657285984415,22.0
643,0.0,22.0,162.39770978572878,22.0
644,0.0,22.0,162.24083856922618,22.0
645,0.0,22.5,161.67953218502802,22.5
646,0.0,23.0,160.6862495494871,23.0
647,0.0,23.5,159.28063098133788,23.5
648,157.75,24.0,157.75,24.0
649,157.75,24.0,157.75,24.0
650,154.75,24.5,154.75,24.5
651,148.25,24.0,148.25,24.0
652,148.25,24.0,148.25,24.0
653,148.25,23.5,148.25,23.5
654,148.25,22.5,148.25,22.5
655,148.25,22.0,148.25,22.0
656,148.25,22.5,148.25,22.5
657,148.5,23.0,148.5,23.0
658,148.5,23.0,148.5,23.0
659,148.5,27.0,148.5,27.0
660,148.5,25.0,148.5,25.0
661,148.5,23.5,148.5,23.5
662,148.5,22.0,148.5,22.0
663,148.5,21.0,148.5,21.0
664,148.5,21.0,148.5,21.0
665,0.0,21.0,142.56874823882887,21.0
666,0.0,20.5,138.9638450014547,20.5
667,0.0,20.5,134.900981265515,20.5
668,0.0,20.5,130.61384287742735,20.5
669,0.0,20.0,126.35339517100871,20.0
670,0.0,20.0,122.35850555813713,20.0
671,0.0,19.5,118.82950810955866,19.5
672,113.25,19.0,113.25,19.0
673,113.25,19.0,113.25,19.0
674,111.75,19.0,111.75,19.0
675,111.75,18.0,111.75,18.0
676,111.75,17.5,111.75,17.5
677,111.75,17.5,111.75,17.5
678,111.75,17.5,111.75,17.5
679,111.75,17.5,111.75,17.5
680,113.0,17.0,113.0,17.0
681,113.0,17.0,113.0,17.0
682,113.25,17.0,113.25,17.0
683,113.25,16.5,113.25,16.5
684,115.25,16.5,115.25,16.5
685,115.25,16.0,115.25,16.0
686,118.5,16.0,118.5,16.0
687,118.5,15.5,118.5,15.5
688,121.5,15.5,121.5,15.5
689,121.5,15.5,121.5,15.5
690,123.75,15.5,123.75,15.5
691,125.75,15.5,125.75,15.5
692,125.75,15.5,125.75,15.5
693,127.5,15.0,127.5,15.0
694,127.5,15.0,127.5,15.0
695,130.0,15.0,130.0,15.0
696,130.0,15.0,130.0,15.0
697,132.75,15.0,132.75,15.0
698,132.75,15.0,132.75,15.0
699,135.0,15.0,135.0,15.0
700,136.0,15.0,136.0,15.0
701,136.0,15.0,136.0,15.0
702,137.5,15.0,137.5,15.0
703,137.5,15.0,137.5,15.0
704,137.75,15.5,137.75,15.5
705,138.75,15.5,138.75,15.5
706,138.75,15.5,138.75,15.5
707,139.75,15.5,139.75,15.5
708,139.75,15.5,139.75,15.5
709,139.75,15.5,139.75,15.5
710,139.75,15.5,139.75,15.5
711,139.5,15.5,139.5,15.5
712,140.0,15.5,140.0,15.5
713,140.0,15.5,140.0,15.5
714,140.0,15.5,140.0,15.5
715,140.0,15.0,140.0,15.0
716,139.0,16.0,139.0,16.0
717,138.5,16.0,138.5,16.0
718,138.5,15.5,138.5,15.5
719,136.75,15.5,136.75,15.5
720,136.75,15.5,136.75,15.5
721,135.75,15.5,135.75,15.5
722,135.75,15.5,135.75,15.5
723,135.75,15.0,135.75,15.0
724,135.75,15.5,135.75,15.5
725,135.75,15.0,135.75,15.0
726,135.5,15.0,135.5,15.0
727,135.5,15.0,135.5,15.0
728,134.25,15.0,134.25,15.0
729,134.25,15.0,134.25,15.0
730,135.5,14.5,135.5,14.5
731,135.5,15.0,135.5,15.0
732,134.25,15.0,134.25,15.0
733,134.0,15.0,134.0,15.0
734,134.0,15.0,134.0,15.0
735,133.0,15.5,133.0,15.5
736,133.0,15.0,133.0,15.0
737,131.5,15.0,131.5,15.0
738,131.5,15.0,131.5,15.0
739,131.5,15.0,131.5,15.0
740,131.5,15.0,131.5,15.0
741,130.25,15.0,130.25,15.0
742,130.25,15.0,130.25,15.0
743,130.0,15.0,130.0,15.0
744,132.0,15.0,132.0,15.0
745,132.0,15.0,132.0,15.0
746,132.5,15.0,132.5,15.0
747,132.5,15.0,132.5,15.0
748,134.25,15.5,134.25,15.5
749,134.25,15.5,134.25,15.5
750,134.5,15.5,134.5,15.5
751,134.5,16.0,134.5,16.0
752,133.5,16.0,133.5,16.0
753,133.5,15.5,133.5,15.5
754,132.75,15.5,132.75,15.5
755,132.0,15.5,132.0,15.5
756,132.0,16.0,132.0,16.0
757,132.5,16.0,132.5,16.0
758,132.5,16.0,132.5,16.0
759,132.75,16.5,132.75,16.5
760,132.75,16.5,132.75,16.5
761,132.0,17.0,132.0,17.0
762,132.0,17.5,132.0,17.5
763,132.0,18.0,132.0,18.0
764,130.75,18.0,130.75,18.0
765,130.75,18.0,130.75,18.0
766,129.5,18.0,129.5,18.0
767,129.5,18.0,129.5,18.0
768,129.25,18.0,129.25,18.0
769,129.25,17.5,129.25,17.5
770,129.25,19.5,129.25,19.5
771,129.25,23.0,129.25,23.0
772,129.25,23.0,129.25,23.0
773,129.25,22.5,129.25,22.5
774,129.25,21.5,129.25,21.5
775,129.25,21.0,129.25,21.0
776,129.25,21.0,129.25,21.0
777,133.5,21.0,133.5,21.0
778,133.5,21.0,133.5,21.0
779,134.0,21.0,134.0,21.0
780,134.0,21.0,134.0,21.0
781,135.5,20.5,135.5,20.5
782,135.25,19.0,135.25,19.0
783,135.25,18.0,135.25,18.0
784,135.5,18.5,135.5,18.5
785,135.5,19.0,135.5,19.0
786,135.0,18.0,135.0,18.0
787,135.0,17.5,135.0,17.5
788,134.25,18.0,134.25,18.0
789,133.5,17.5,133.5,17.5
790,133.5,18.0,133.5,18.0
791,133.5,17.5,133.5,17.5
792,133.5,17.5,133.5,17.5
793,133.5,17.5,133.5,17.5
794,130.5,17.5,130.5,17.5
795,130.25,18.0,130.25,18.0
796,130.25,18.0,130.25,18.0
797,130.0,19.0,130.0,19.0
798,130.0,20.0,130.0,20.0
799,128.5,21.0,128.5,21.0
800,128.5,21.5,128.5,21.5
801,128.0,22.5,128.0,22.5
802,128.0,23.0,128.0,23.0
803,128.5,23.0,128.5,23.0
804,128.5,23.5,128.5,23.5
805,129.0,23.5,129.0,23.5
806,129.0,24.0,129.0,24.0
807,129.5,24.5,129.5,24.5
808,130.25,24.5,130.25,24.5
809,130.25,25.0,130.25,25.0
810,130.75,25.0,130.75,25.0
811,130.75,24.5,130.75,24.5
812,131.25,24.5,131.25,24.5
813,131.25,24.5,131.25,24.5
814,131.5,24.5,131.5,24.5
815,131.5,24.0,131.5,24.0
816,133.0,24.0,133.0,24.0
817,134.0,24.0,134.0,24.0
818,134.0,24.5,134.0,24.5
819,135.0,25.0,135.0,25.0
820,135.0,25.5,135.0,25.5
821,136.5,25.5,136.5,25.5
822,136.5,25.5,136.5,25.5
823,136.5,25.0,136.5,25.0
824,137.75,25.0,137.75,25.0
825,138.0,25.0,138.0,25.0
826,138.0,25.0,138.0,25.0
827,137.75,25.5,137.75,25.5
828,137.75,25.5,137.75,25.5
829,137.75,25.5,137.75,25.5
830,137.25,25.0,137.25,25.0
831,136.75,25.0,136.75,25.0
832,136.75,25.0,136.75,25.0
833,137.25,25.0,137.25,25.0
834,137.25,25.0,137.25,25.0
835,137.25,26.0,137.25,26.0
836,138.0,26.0,138.0,26.0
837,138.0,26.0,138.0,26.0
838,136.75,25.5,136.75,25.5
839,136.75,25.5,136.75,25.5
840,136.75,25.5,136.75,25.5
841,136.75,25.5,136.75,25.5
842,136.75,25.0,136.75,25.0
843,136.25,25.0,136.25,25.0
844,137.0,25.0,137.0,25.0
845,137.0,25.0,137.0,25.0
846,136.75,24.5,136.75,24.5
847,136.0,24.0,136.0,24.0
848,136.0,24.0,136.0,24.0
849,135.75,24.0,135.75,24.0
850,135.75,24.0,135.75,24.0
851,135.25,23.5,135.25,23.5
852,135.25,23.0,135.25,23.0
853,134.75,23.0,134.75,23.0
854,134.25,23.0,134.25,23.0
855,134.25,23.0,134.25,23.0
856,133.25,22.5,133.25,22.5
857,133.25,22.5,133.25,22.5
858,133.25,22.5,133.25,22.5
859,133.5,22.5,133.5,22.5
860,133.5,22.5,133.5,22.5
861,134.5,22.5,134.5,22.5
862,135.0,23.0,135.0,23.0
863,135.0,23.0,135.0,23.0
864,133.75,23.0,133.75,23.0
865,133.75,23.0,133.75,23.0
866,134.25,23.0,134.25,23.0
867,135.0,23.0,135.0,23.0
868,135.0,23.0,135.0,23.0
869,134.5,23.0,134.5,23.0
870,135.25,23.0,135.25,23.0
871,135.25,23.0,135.25,23.0
872,134.75,23.0,134.75,23.0
873,134.75,23.0,134.75,23.0
874,135.0,23.0,135.0,23.0
875,135.0,23.0,135.0,23.0
876,135.75,23.0,135.75,23.0
877,135.75,23.0,135.75,23.0
878,136.5,23.0,136.5,23.0
879,136.5,22.5,136.5,22.5
880,136.5,23.0,136.5,23.0
881,136.5,23.5,136.5,23.5
882,136.5,23.5,136.5,23.5
883,137.0,23.5,137.0,23.5
884,137.0,23.5,137.0,23.5
885,137.5,23.0,137.5,23.0
886,137.5,23.0,137.5,23.0
887,138.5,23.0,138.5,23.0
888,137.5,23.0,137.5,23.0
889,137.5,23.0,137.5,23.0
890,138.0,23.0,138.0,23.0
891,139.0,23.0,139.0,23.0
892,139.0,23.0,139.0,23.0
893,139.5,23.0,139.5,23.0
894,139.5,23.0,139.5,23.0
895,139.75,23.0,139.75,23.0
896,139.75,22.5,139.75,22.5
897,140.0,23.0,140.0,23.0
898,140.0,23.0,140.0,23.0
899,139.5,23.0,139.5,23.0
900,139.5,23.0,139.5,23.0
901,138.5,23.0,138.5,23.0
902,137.25,23.0,137.25,23.0
903,137.0,22.5,137.0,22.5
904,137.0,22.5,137.0,22.5
905,137.5,23.0,137.5,23.0
906,137.5,23.0,137.5,23.0
907,137.5,23.5,137.5,23.5
908,138.25,23.5,138.25,23.5
909,137.25,23.0,137.25,23.0
910,137.25,22.5,137.25,22.5
911,137.0,22.0,137.0,22.0
912,137.0,22.0,137.0,22.0
913,136.5,22.0,136.5,22.0
914,136.5,22.0,136.5,22.0
915,137.5,22.5,137.5,22.5
916,137.5,22.5,137.5,22.5
917,137.25,22.5,137.25,22.5
918,137.25,22.0,137.25,22.0
919,137.25,22.0,137.25,22.0
920,136.75,22.0,136.75,22.0
921,136.75,22.0,136.75,22.0
922,137.0,22.0,137.0,22.0
923,137.0,22.0,137.0,22.0
924,137.25,22.0,137.25,22.0
925,137.0,22.0,137.0,22.0
926,137.0,22.0,137.0,22.0
927,136.75,22.0,136.75,22.0
928,136.75,22.0,136.75,22.0
929,136.0,21.5,136.0,21.5
930,136.0,22.0,136.0,22.0
931,136.0,22.5,136.0,22.5
932,136.0,22.0,136.0,22.0
933,136.0,22.0,136.0,22.0
934,135.75,22.0,135.75,22.0
935,136.0,22.0,136.0,22.0
936,136.0,22.0,136.0,22.0
937,135.75,22.0,135.75,22.0
938,135.75,22.0,135.75,22.0
939,136.0,22.0,136.0,22.0
940,136.0,22.0,136.0,22.0
941,136.75,22.0,136.75,22.0
942,136.25,22.0,136.25,22.0
943,136.25,22.0,136.25,22.0
944,135.5,22.0,135.5,22.0
945,135.5,22.0,135.5,22.0
946,133.75,22.0,133.75,22.0
947,133.75,22.0,133.75,22.0
948,134.0,23.5,134.0,23.5
949,134.0,23.5,134.0,23.5
950,133.25,23.5,133.25,23.5
951,133.25,24.0,133.25,24.0
952,131.5,24.0,131.5,24.0
953,131.5,23.5,131.5,23.5
954,132.0,23.5,132.0,23.5
955,132.75,24.0,132.75,24.0
956,132.75,23.5,132.75,23.5
957,132.75,23.0,132.75,23.0
958,132.75,23.0,132.75,23.0
959,132.0,23.0,132.0,23.0
960,132.75,22.5,132.75,22.5
961,132.75,22.5,132.75,22.5
962,132.75,22.5,132.75,22.5
963,132.75,22.0,132.75,22.0
964,132.75,22.0,132.75,22.0
965,132.75,22.0,132.75,22.0
966,133.75,22.0,133.75,22.0
967,133.75,22.5,133.75,22.5
968,134.25,23.0,134.25,23.0
969,133.75,23.0,133.75,23.0
970,133.75,22.5,133.75,22.5
971,133.5,22.5,133.5,22.5
972,134.25,23.0,134.25,23.0
973,134.25,23.0,134.25,23.0
974,134.75,22.5,134.75,22.5
975,134.75,22.5,134.75,22.5
976,135.0,22.0,135.0,22.0
977,135.75,22.0,135.75,22.0
978,135.75,22.0,135.75,22.0
979,137.0,21.5,137.0,21.5
980,137.0,21.5,137.0,21.5
981,137.0,21.5,137.0,21.5
982,137.0,21.5,137.0,21.5
983,137.25,21.0,137.25,21.0
984,137.5,21.0,137.5,21.0
985,137.5,22.0,137.5,22.0
986,138.5,22.5,138.5,22.5
987,138.5,23.0,138.5,23.0
988,138.5,23.5,138.5,23.5
989,135.75,23.0,135.75,23.0
990,135.75,22.5,135.75,22.5
991,135.0,22.5,135.0,22.5
992,135.0,22.5,135.0,22.5
993,134.5,23.0,134.5,23.0
994,133.25,23.0,133.25,23.0
995,133.25,23.0,133.25,23.0
996,133.5,23.5,133.5,23.5
997,133.5,23.5,133.5,23.5
998,133.5,23.5,133.5,23.5
999,131.5,23.5,131.5,23.5
1000,131.5,23.0,131.5,23.0
1001,131.5,22.5,131.5,22.5
1002,132.0,22.0,132.0,22.0
1003,132.0,21.5,132.0,21.5
1004,131.25,21.5,131.25,21.5
1005,131.25,21.0,131.25,21.0
1006,129.25,21.0,129.25,21.0
1007,130.5,20.5,130.5,20.5
1008,130.5,20.0,130.5,20.0
1009,131.5,20.0,131.5,20.0
1010,131.5,19.5,131.5,19.5
1011,131.5,19.5,131.5,19.5
1012,131.5,19.5,131.5,19.5
1013,130.75,19.5,130.75,19.5
1014,130.75,19.5,130.75,19.5
1015,130.5,19.5,130.5,19.5
1016,130.5,19.5,130.5,19.5
1017,131.0,19.5,131.0,19.5
1018,132.0,19.5,132.0,19.5
1019,132.0,19.0,132.0,19.0
1020,132.75,19.5,132.75,19.5
1021,132.75,19.0,132.75,19.0
1022,134.0,19.0,134.0,19.0
1023,134.0,19.0,134.0,19.0
1024,134.0,19.0,134.0,19.0
1025,132.25,19.0,132.25,19.0
1026,132.25,19.5,132.25,19.5
1027,132.0,19.5,132.0,19.5
1028,132.0,19.5,132.0,19.5
1029,130.75,19.5,130.75,19.5
1030,130.75,19.0,130.75,19.0
1031,130.0,19.0,130.0,19.0
1032,130.0,19.0,130.0,19.0
1033,129.5,19.5,129.5,19.5
1034,127.5,19.5,127.5,19.5
1035,127.5,19.5,127.5,19.5
1036,127.5,19.5,127.5,19.5
1037,126.75,19.5,126.75,19.5
1038,125.75,19.5,125.75,19.5
1039,125.75,19.5,125.75,19.5
1040,125.5,19.5,125.5,19.5
1041,125.5,19.5,125.5,19.5
1042,125.5,19.5,125.5,19.5
1043,125.5,19.5,125.5,19.5
1044,127.75,20.0,127.75,20.0
1045,127.75,20.5,127.75,20.5
1046,127.75,20.0,127.75,20.0
1047,127.75,20.0,127.75,20.0
1048,127.5,20.0,127.5,20.0
1049,127.5,20.0,127.5,20.0
1050,127.5,20.0,127.5,20.0
1051,132.0,20.5,132.0,20.5
1052,132.0,20.5,132.0,20.5
1053,132.0,21.0,132.0,21.0
1054,132.0,21.0,132.0,21.0
1055,135.75,21.0,135.75,21.0
1056,135.75,21.0,135.75,21.0
1057,135.75,21.0,135.75,21.0
1058,135.75,20.5,135.75,20.5
1059,136.25,21.0,136.25,21.0
1060,136.5,20.5,136.5,20.5
1061,136.5,21.0,136.5,21.0
1062,137.5,21.0,137.5,21.0
1063,137.5,21.5,137.5,21.5
1064,136.75,22.0,136.75,22.0
1065,136.75,22.0,136.75,22.0
1066,135.5,21.5,135.5,21.5
1067,135.5,21.5,135.5,21.5
1068,134.75,22.0,134.75,22.0
1069,134.75,22.0,134.75,22.0
1070,131.0,23.0,131.0,23.0
1071,131.0,23.0,131.0,23.0
1072,129.0,22.5,129.0,22.5
1073,129.0,22.5,129.0,22.5
1074,129.25,23.0,129.25,23.0
1075,129.25,23.0,129.25,23.0
1076,129.25,23.0,129.25,23.0
1077,129.25,22.5,129.25,22.5
1078,128.0,22.0,128.0,22.0
1079,128.0,22.0,128.0,22.0
1080,128.0,23.0,128.0,23.0
1081,128.0,22.5,128.0,22.5
1082,128.0,22.0,128.0,22.0
1083,128.0,21.5,128.0,21.5
1084,127.75,21.5,127.75,21.5
1085,127.75,22.0,127.75,22.0
1086,127.75,22.0,127.75,22.0
1087,127.75,22.0,127.75,22.0
1088,133.25,22.0,133.25,22.0
1089,133.25,22.0,133.25,22.0
1090,133.5,22.0,133.5,22.0
1091,133.25,23.0,133.25,23.0
1092,133.25,23.0,133.25,23.0
1093,132.75,23.0,132.75,23.0
1094,132.75,23.5,132.75,23.5
1095,133.0,23.5,133.0,23.5
1096,133.0,23.0,133.0,23.0
1097,132.75,23.0,132.75,23.0
1098,132.75,23.0,132.75,23.0
1099,132.0,23.0,132.0,23.0
1100,131.75,23.0,131.75,23.0
1101,131.75,23.0,131.75,23.0
1102,131.0,22.5,131.0,22.5
1103,131.0,22.0,131.0,22.0
1104,130.25,22.0,130.25,22.0
1105,130.25,22.0,130.25,22.0
1106,129.5,22.0,129.5,22.0
1107,129.0,21.5,129.0,21.5
1108,129.0,21.5,129.0,21.5
1109,129.0,21.5,129.0,21.5
1110,128.75,21.5,128.75,21.5
1111,128.75,21.5,128.75,21.5
1112,128.5,21.5,128.5,21.5
1113,128.5,21.5,128.5,21.5
1114,128.5,21.5,128.5,21.5
1115,128.5,21.0,128.5,21.0
1116,128.5,21.5,128.5,21.5
1117,129.0,21.5,129.0,21.5
1118,129.0,22.0,129.0,22.0
1119,130.25,22.5,130.25,22.5
1120,130.25,22.0,130.25,22.0
1121,131.5,22.0,131.5,22.0
1122,131.5,22.0,131.5,22.0
1123,131.75,22.0,131.75,22.0
1124,132.75,22.0,132.75,22.0
1125,132.75,22.0,132.75,22.0
1126,132.75,22.0,132.75,22.0
1127,132.75,22.0,132.75,22.0
1128,133.25,22.0,133.25,22.0
1129,133.25,22.5,133.25,22.5
1130,133.75,22.0,133.75,22.0
1131,133.75,22.0,133.75,22.0
1132,134.25,22.0,134.25,22.0
1133,134.5,22.0,134.5,22.0
1134,134.5,22.5,134.5,22.5
1135,134.25,23.0,134.25,23.0
1136,134.25,23.0,134.25,23.0
1137,134.0,23.0,134.0,23.0
1138,134.0,22.5,134.0,22.5
1139,133.5,22.5,133.5,22.5
1140,133.5,22.5,133.5,22.5
1141,133.75,22.5,133.75,22.5
1142,134.0,22.0,134.0,22.0
1143,134.0,22.0,134.0,22.0
1144,134.75,21.5,134.75,21.5
1145,134.75,21.5,134.75,21.5
1146,135.25,21.5,135.25,21.5
1147,135.25,21.5,135.25,21.5
1148,135.0,21.5,135.0,21.5
1149,135.5,21.5,135.5,21.5
1150,135.5,21.5,135.5,21.5
1151,135.5,21.5,135.5,21.5
1152,135.5,21.5,135.5,21.5
1153,135.0,21.5,135.0,21.5
1154,135.0,21.5,135.0,21.5
1155,134.5,21.5,134.5,21.5
1156,135.0,21.5,135.0,21.5
1157,135.0,21.5,135.0,21.5
1158,134.5,21.5,134.5,21.5
1159,134.5,21.5,134.5,21.5
1160,134.25,21.5,134.25,21.5
1161,134.25,22.0,134.25,22.0
1162,133.5,22.0,133.5,22.0
1163,133.5,22.5,133.5,22.5
1164,133.25,22.0,133.25,22.0
1165,134.0,22.0,134.0,22.0
1166,134.0,22.0,134.0,22.0
1167,133.75,22.0,133.75,22.0
1168,133.75,22.0,133.75,22.0
1169,134.0,22.0,134.0,22.0
1170,134.0,22.0,134.0,22.0
1171,134.25,22.0,134.25,22.0
1172,134.25,22.0,134.25,22.0
1173,135.0,22.5,135.0,22.5
1174,136.25,23.0,136.25,23.0
1175,136.25,22.5,136.25,22.5
1176,135.5,22.5,135.5,22.5
1177,135.25,22.5,135.25,22.5
1178,135.25,22.0,135.25,22.0
1179,135.0,22.5,135.0,22.5
1180,135.0,22.5,135.0,22.5
1181,134.5,22.5,134.5,22.5
1182,134.5,22.5,134.5,22.5
1183,134.5,22.5,134.5,22.5
1184,134.5,22.5,134.5,22.5
1185,134.25,22.5,134.25,22.5
1186,133.75,23.0,133.75,23.0
1187,133.75,23.0,133.75,23.0
1188,135.0,22.5,135.0,22.5
1189,135.0,22.5,135.0,22.5
1190,135.0,22.5,135.0,22.5
1191,137.0,22.5,137.0,22.5
1192,137.25,22.5,137.25,22.5
1193,137.25,22.5,137.25,22.5
1194,137.75,22.5,137.75,22.5
1195,137.75,22.0,137.75,22.0
1196,138.5,22.0,138.5,22.0
1197,138.5,21.5,138.5,21.5
1198,138.5,21.5,138.5,21.5
1199,138.75,21.5,138.75,21.5
1200,138.75,21.5,138.75,21.5
1201,138.5,21.5,138.5,21.5
1202,138.5,21.5,138.5,21.5
1203,138.0,21.5,138.0,21.5
1204,137.0,21.5,137.0,21.5
1205,137.0,21.5,137.0,21.5
1206,135.25,21.5,135.25,21.5
1207,135.25,21.5,135.25,21.5
1208,134.25,21.0,134.25,21.0
1209,134.25,21.0,134.25,21.0
1210,133.0,21.0,133.0,21.0
1211,132.5,21.0,132.5,21.0
1212,132.5,21.0,132.5,21.0
1213,132.5,21.0,132.5,21.0
1214,130.25,21.5,130.25,21.5
1215,130.25,21.5,130.25,21.5
1216,130.25,22.0,130.25,22.0
1217,130.5,21.5,130.5,21.5
1218,130.5,21.5,130.5,21.5
1219,131.25,21.0,131.25,21.0
1220,131.25,21.0,131.25,21.0
1221,132.75,21.0,132.75,21.0
1222,133.0,21.0,133.0,21.0
1223,133.0,21.0,133.0,21.0
1224,133.0,21.5,133.0,21.5
1225,132.25,21.5,132.25,21.5
1226,133.5,22.0,133.5,22.0
1227,133.5,21.5,133.5,21.5
1228,134.5,21.0,134.5,21.0
1229,134.5,21.0,134.5,21.0
1230,132.75,21.5,132.75,21.5
1231,132.75,21.5,132.75,21.5
1232,133.5,21.5,133.5,21.5
1233,134.75,22.0,134.75,22.0
1234,134.75,22.0,134.75,22.0
1235,134.75,22.0,134.75,22.0
1236,134.75,22.0,134.75,22.0
1237,135.5,22.0,135.5,22.0
1238,135.5,22.0,135.5,22.0
1239,135.5,22.0,135.5,22.0
1240,135.25,22.0,135.25,22.0
1241,135.25,22.0,135.25,22.0
1242,135.25,21.5,135.25,21.5
1243,134.75,22.0,134.75,22.0
1244,134.75,21.5,134.75,21.5
1245,133.75,21.5,133.75,21.5
1246,133.75,21.5,133.75,21.5
1247,132.0,21.5,132.0,21.5
1248,132.0,21.5,132.0,21.5
1249,131.0,21.5,131.0,21.5
1250,131.0,21.5,131.0,21.5
1251,129.0,21.5,129.0,21.5
1252,129.0,21.5,129.0,21.5
1253,128.0,21.5,128.0,21.5
1254,128.0,21.5,128.0,21.5
1255,128.0,21.0,128.0,21.0
1256,129.75,21.5,129.75,21.5
1257,129.75,22.0,129.75,22.0
1258,130.75,21.5,130.75,21.5
1259,130.75,21.5,130.75,21.5
1260,132.25,21.5,132.25,21.5
1261,132.25,21.5,132.25,21.5
1262,132.75,21.5,132.75,21.5
1263,132.75,21.5,132.75,21.5
1264,132.5,21.5,132.5,21.5
1265,132.5,22.0,132.5,22.0
1266,133.75,22.0,133.75,22.0
1267,133.75,22.0,133.75,22.0
1268,133.5,22.5,133.5,22.5
1269,133.5,22.5,133.5,22.5
1270,134.5,22.0,134.5,22.0
1271,134.5,22.0,134.5,22.0
1272,134.5,22.0,134.5,22.0
1273,135.0,22.0,135.0,22.0
1274,135.0,22.0,135.0,22.0
1275,135.5,22.0,135.5,22.0
1276,135.5,22.0,135.5,22.0
1277,135.5,21.5,135.5,21.5
1278,136.25,22.0,136.25,22.0
1279,136.25,22.5,136.25,22.5
1280,136.75,22.5,136.75,22.5
1281,137.5,22.0,137.5,22.0
1282,137.5,22.0,137.5,22.0
1283,138.5,22.0,138.5,22.0
1284,138.5,22.0,138.5,22.0
1285,139.5,22.0,139.5,22.0
1286,139.5,22.0,139.5,22.0
1287,139.25,22.0,139.25,22.0
1288,140.5,22.0,140.5,22.0
1289,140.5,22.0,140.5,22.0
1290,139.75,22.0,139.75,22.0
1291,139.75,22.5,139.75,22.5
1292,140.75,23.0,140.75,23.0
1293,140.75,23.0,140.75,23.0
1294,139.25,22.5,139.25,22.5
1295,139.5,22.5,139.5,22.5
1296,139.5,22.5,139.5,22.5
1297,138.5,22.5,138.5,22.5
1298,138.5,22.5,138.5,22.5
1299,138.5,22.5,138.5,22.5
1300,138.5,23.0,138.5,23.0
1301,136.75,23.0,136.75,23.0
1302,135.5,23.0,135.5,23.0
1303,135.5,23.5,135.5,23.5
1304,135.5,23.5,135.5,23.5
1305,135.5,23.5,135.5,23.5
1306,134.0,23.0,134.0,23.0
1307,134.0,23.0,134.0,23.0
1308,133.75,23.0,133.75,23.0
1309,133.75,23.0,133.75,23.0
1310,133.75,23.0,133.75,23.0
1311,134.0,23.0,134.0,23.0
1312,134.0,22.5,134.0,22.5
1313,134.25,22.5,134.25,22.5
1314,134.25,22.0,134.25,22.0
1315,134.75,22.5,134.75,22.5
1316,134.5,22.5,134.5,22.5
1317,134.5,22.5,134.5,22.5
1318,134.25,22.5,134.25,22.5
1319,134.25,22.5,134.25,22.5
1320,134.25,22.0,134.25,22.0
1321,134.25,22.0,134.25,22.0
1322,134.0,22.0,134.0,22.0
1323,134.0,22.0,134.0,22.0
1324,134.0,22.0,134.0,22.0
1325,133.75,22.0,133.75,22.0
1326,133.75,22.0,133.75,22.0
1327,133.75,22.0,133.75,22.0
1328,133.75,22.0,133.75,22.0
1329,134.25,22.0,134.25,22.0
1330,134.25,22.0,134.25,22.0
1331,133.75,22.0,133.75,22.0
1332,133.75,22.5,133.75,22.5
1333,133.0,22.0,133.0,22.0
1334,133.0,22.0,133.0,22.0
1335,133.75,22.0,133.75,22.0
1336,133.5,22.0,133.5,22.0
1337,133.5,22.0,133.5,22.0
1338,133.5,22.0,133.5,22.0
1339,133.5,22.0,133.5,22.0
1340,133.5,22.0,133.5,22.0
1341,132.25,22.0,132.25,22.0
1342,132.25,21.5,132.25,21.5
1343,132.25,21.5,132.25,21.5
1344,132.0,21.5,132.0,21.5
1345,131.5,21.5,131.5,21.5
1346,131.5,21.5,131.5,21.5
1347,132.0,21.0,132.0,21.0
1348,132.0,21.0,132.0,21.0
1349,132.25,21.5,132.25,21.5
1350,132.25,21.5,132.25,21.5
1351,131.75,22.0,131.75,22.0
1352,132.0,22.0,132.0,22.0
1353,132.0,21.5,132.0,21.5
1354,132.75,21.5,132.75,21.5
1355,132.75,21.5,132.75,21.5
1356,133.25,21.5,133.25,21.5
1357,133.25,21.5,133.25,21.5
1358,132.75,21.0,132.75,21.0
1359,132.75,21.5,132.75,21.5
1360,133.5,22.0,133.5,22.0
1361,133.5,22.0,133.5,22.0
1362,132.0,21.5,132.0,21.5
1363,130.25,21.5,130.25,21.5
1364,130.25,21.5,130.25,21.5
1365,130.25,21.5,130.25,21.5
1366,130.25,21.0,130.25,21.0
1367,131.5,21.0,131.5,21.0
1368,131.5,21.0,131.5,21.0
1369,131.75,21.0,131.75,21.0
1370,131.75,21.0,131.75,21.0
1371,132.0,21.5,132.0,21.5
1372,132.0,21.0,132.0,21.0
1373,132.0,21.0,132.0,21.0
1374,132.75,21.0,132.75,21.0
1375,132.75,21.5,132.75,21.5
1376,133.75,21.5,133.75,21.5
1377,133.75,21.5,133.75,21.5
1378,133.5,21.5,133.5,21.5
1379,133.25,21.0,133.25,21.0
1380,133.25,21.0,133.25,21.0
1381,133.25,21.0,133.25,21.0
1382,133.0,21.0,133.0,21.0
1383,133.0,21.0,133.0,21.0
1384,133.0,21.0,133.0,21.0
1385,133.5,21.5,133.5,21.5
1386,133.5,21.0,133.5,21.0
1387,133.5,21.0,133.5,21.0
1388,133.0,21.5,133.0,21.5
1389,133.0,21.0,133.0,21.0
1390,133.0,21.0,133.0,21.0
1391,133.0,21.0,133.0,21.0
1392,133.0,21.0,133.0,21.0
1393,133.0,21.0,133.0,21.0
1394,133.0,20.5,133.0,20.5
1395,132.75,21.0,132.75,21.0
1396,132.75,21.5,132.75,21.5
1397,132.75,21.5,132.75,21.5
1398,132.75,21.0,132.75,21.0
1399,132.75,21.0,132.75,21.0
1400,0.0,21.0,132.51940932639747,21.0
1401,0.0,21.0,132.42867513959635,21.0
1402,0.0,21.0,132.34134932991165,21.0
1403,0.0,21.5,132.26468039532307,21.5
1404,0.0,21.5,132.20531770606198,21.5
1405,0.0,22.0,132.1677066567818,22.0
1406,0.0,22.0,132.15273815452682,22.0
1407,0.0,22.0,132.1570011041313,22.0
1408,0.0,22.0,132.17288161989805,22.0
1409,132.0,22.0,132.0,22.0
1410,132.0,21.5,132.0,21.5
1411,132.25,21.5,132.25,21.5
1412,132.25,21.5,132.25,21.5
1413,132.0,21.5,132.0,21.5
1414,132.0,21.5,132.0,21.5
1415,132.0,22.0,132.0,22.0
1416,132.0,23.0,132.0,23.0
1417,132.0,24.0,132.0,24.0
1418,131.0,24.5,131.0,24.5
1419,131.0,24.0,131.0,24.0
1420,131.0,23.5,131.0,23.5
1421,131.0,23.5,131.0,23.5
1422,131.75,24.0,131.75,24.0
1423,132.25,24.0,132.25,24.0
1424,132.25,24.0,132.25,24.0
1425,132.25,24.0,132.25,24.0
1426,132.25,24.0,132.25,24.0
1427,132.75,23.5,132.75,23.5
1428,132.75,23.0,132.75,23.0
1429,132.75,22.5,132.75,22.5
1430,132.75,21.5,132.75,21.5
1431,132.75,21.5,132.75,21.5
1432,133.5,21.0,133.5,21.0
1433,133.5,21.0,133.5,21.0
1434,133.5,20.5,133.5,20.5
1435,133.5,20.5,133.5,20.5
1436,133.5,20.5,133.5,20.5
1437,133.5,20.0,133.5,20.0
1438,133.5,19.5,133.5,19.5
1439,133.5,19.5,133.5,19.5
1440,133.5,19.5,133.5,19.5
1441,133.25,19.5,133.25,19.5
1442,133.25,19.5,133.25,19.5
1443,0.0,19.5,133.13085069832124,19.5
1444,0.0,19.0,132.99515064020383,19.0
1445,0.0,19.0,132.8481782598255,19.0
1446,0.0,19.0,132.69099790249626,19.0
1447,0.0,18.0,132.52140476902616,18.0
1448,0.0,17.5,132.3331637070542,17.5
1449,0.0,18.0,132.1156813125335,18.0
1450,0.0,19.0,131.85416668394376,19.0
1451,0.0,19.0,131.53028152972777,19.0
1452,0.0,18.5,131.12323415930985,18.5
1453,0.0,18.5,130.61123642578454,18.5
1454,0.0,18.0,129.97321697091914,18.0
1455,0.0,18.0,129.1906654819239,18.0
1456,0.0,18.0,128.24946850685743,18.0
1457,0.0,18.0,127.14158669717588,18.0
1458,0.0,18.0,125.86641761985622,18.0
1459,0.0,19.0,124.43169137773106,19.0
1460,0.0,20.0,122.85376346700845,20.0
1461,0.0,20.5,121.15720552936126,20.5
1462,0.0,20.0,119.37365248207101,20.0
1463,0.0,19.5,117.53994224967315,19.5
1464,0.0,18.5,115.69567492910096,18.5
1465,0.0,19.5,113.88040935953023,19.5
1466,0.0,20.0,112.13079059157639,20.0
1467,0.0,21.0,110.47794452397173,21.0
1468,0.0,20.0,108.94547160594436,20.0
1469,0.0,20.0,107.54831223479658,20.0
1470,0.0,20.0,106.29264432953077,20.0
1471,104.5,19.5,104.5,19.5
1472,104.5,19.0,104.5,19.0
1473,104.5,18.5,104.5,18.5
1474,101.25,19.5,101.25,19.5
1475,101.5,20.5,101.5,20.5
1476,101.5,20.5,101.5,20.5
1477,101.5,19.5,101.5,19.5
1478,101.5,19.5,101.5,19.5
1479,99.5,19.5,99.5,19.5
1480,99.5,19.5,99.5,19.5
1481,99.5,19.5,99.5,19.5
1482,99.5,19.0,99.5,19.0
1483,99.5,18.5,99.5,18.5
1484,99.5,19.0,99.5,19.0
1485,99.5,19.5,99.5,19.5
1486,99.5,20.5,99.5,20.5
1487,99.5,20.0,99.5,20.0
1488,99.5,19.0,99.5,19.0
1489,99.5,19.0,99.5,19.0
1490,99.25,19.0,99.25,19.0
1491,99.25,19.0,99.25,19.0
1492,99.25,19.0,99.25,19.0
1493,99.25,18.5,99.25,18.5
1494,99.25,18.0,99.25,18.0
1495,0.0,19.0,100.25543440924599,19.0
1496,0.0,19.5,101.08014829289853,19.5
1497,0.0,20.0,102.193932302278,20.0
1498,0.0,19.5,103.60313384035608,19.5
1499,0.0,19.0,105.29519492788788,19.0
